City_ID,City,Country,Lat,Lng,Max Temp,Humidity,Cloudiness,Wind Speed,Current Description
0,Zyryanka,RU,65.75,150.85,32.23,66,98,9.31,overcast clouds
1,Cape Town,ZA,-33.9258,18.4232,52.12,75,39,3.09,scattered clouds
2,Port Alfred,ZA,-33.5906,26.891,53.17,65,87,19.22,light rain
3,Nalut,LY,30.3333,10.85,70.38,37,0,8.68,clear sky
4,Ushuaia,AR,-54.8,-68.3,38.86,81,40,8.05,scattered clouds
5,Vaini,TO,-21.2,-175.2,75.36,88,75,12.66,broken clouds
6,Mataura,NZ,-46.1927,168.8643,54.48,63,100,2.91,light rain
7,Lakatoro,VU,-16.0999,167.4164,80.44,80,94,12.53,overcast clouds
8,Clyde River,CA,70.4692,-68.5914,36.75,85,100,6.4,overcast clouds
9,Vila Velha,BR,-20.3297,-40.2925,76.95,83,90,10.36,overcast clouds
10,Port Hardy,CA,50.6996,-127.4199,48.96,88,67,3.85,broken clouds
11,Avera,US,33.194,-82.5271,71.47,62,93,6.53,overcast clouds
12,Beihai,CN,21.4833,109.1,84.85,67,48,11.45,scattered clouds
13,Santa Marinella,IT,42.0345,11.8536,66.69,82,5,12.12,clear sky
14,Matara,LK,5.9485,80.5353,84.88,67,83,9.98,broken clouds
15,Ponta Delgada,PT,37.7333,-25.6667,72.5,83,75,3.44,broken clouds
16,Bredasdorp,ZA,-34.5322,20.0403,49.55,66,70,6.13,broken clouds
17,Avarua,CK,-21.2078,-159.775,75.25,78,75,8.05,light rain
18,Kaitangata,NZ,-46.2817,169.8464,52.93,74,100,6.29,light rain
19,Omboue,GA,-1.5746,9.2618,75.99,89,100,7.2,overcast clouds
20,Richards Bay,ZA,-28.783,32.0377,61.84,80,100,19.1,light rain
21,Bluff,NZ,-46.6,168.3333,54.81,75,100,11.39,overcast clouds
22,Opuwo,NA,-18.0607,13.84,52.47,38,2,2.21,clear sky
23,Port Elizabeth,ZA,-33.918,25.5701,49.1,69,49,14.14,scattered clouds
24,Veraval,IN,20.9,70.3667,82.56,78,96,5.03,overcast clouds
25,Busselton,AU,-33.65,115.3333,63.05,46,29,13.27,scattered clouds
26,Hithadhoo,MV,-0.6,73.0833,83.61,70,22,12.77,few clouds
27,Lakes Entrance,AU,-37.8811,147.981,73.17,68,53,9.53,broken clouds
28,Yellowknife,CA,62.456,-114.3525,47.41,99,75,11.5,broken clouds
29,Magadan,RU,59.5667,150.8,43.75,71,100,6.46,overcast clouds
30,Jiaocheng,CN,24.6774,116.1389,90.97,48,7,4.05,clear sky
31,Sorong,ID,-0.8833,131.25,81.52,81,100,9.69,light rain
32,Saurimo,AO,-9.6608,20.3916,64.44,88,82,3.53,broken clouds
33,Kindu,CD,-2.95,25.95,69.44,100,100,2.51,moderate rain
34,Henties Bay,NA,-22.116,14.2845,52.86,92,16,4.56,few clouds
35,Auki,SB,-8.7676,160.7034,81.63,82,58,2.06,broken clouds
36,Narsaq,GL,60.9167,-46.05,41.22,60,1,4.92,clear sky
37,Punta Arenas,CL,-53.15,-70.9167,41.11,87,75,8.05,broken clouds
38,Atuona,PF,-9.8,-139.0333,78.19,75,20,20.49,few clouds
39,Acapulco,MX,16.8634,-99.8901,79.57,85,70,3.18,broken clouds
40,Buraydah,SA,26.326,43.975,79.7,14,5,6.6,clear sky
41,Rikitea,PF,-23.1203,-134.9692,73.4,67,4,19.37,clear sky
42,Cabo San Lucas,MX,22.8909,-109.9124,81.14,77,100,5.59,overcast clouds
43,Toora-Khem,RU,52.4675,96.11,37.92,43,90,7.54,overcast clouds
44,Salalah,OM,17.0151,54.0924,80.69,89,75,8.05,broken clouds
45,Lebu,CL,-37.6167,-73.65,47.39,76,17,17.34,few clouds
46,Provideniya,RU,64.3833,-173.3,26.17,70,0,2.35,clear sky
47,Ahipara,NZ,-35.1667,173.1667,61.75,78,100,17.43,light rain
48,Olafsvik,IS,64.8945,-23.7142,40.23,79,100,32.21,overcast clouds
49,Sitka,US,57.0531,-135.33,40.89,81,90,8.05,light rain
50,Porbandar,IN,21.6422,69.6093,82.38,89,20,6.91,few clouds
51,Dicabisagan,PH,17.0818,122.4157,84.42,76,99,8.81,moderate rain
52,Kodiak,US,57.79,-152.4072,38.12,54,88,23.44,overcast clouds
53,Nishihara,JP,26.1842,127.7558,87.08,74,75,16.11,broken clouds
54,Klaksvik,FO,62.2266,-6.589,50.92,86,100,25.79,overcast clouds
55,Sao Filipe,CV,14.8961,-24.4956,79.47,79,58,5.79,broken clouds
56,New Norfolk,AU,-42.7826,147.0587,60.75,92,100,2.8,overcast clouds
57,Castro,BR,-24.7911,-50.0119,59.43,99,100,3.85,moderate rain
58,Chiang Rai,TH,19.9167,99.9167,88.12,68,68,1.99,broken clouds
59,Marsaxlokk,MT,35.8419,14.5431,65.01,88,75,11.5,thunderstorm
60,Hermanus,ZA,-34.4187,19.2345,51.91,71,58,4.61,broken clouds
61,Tomakomai,JP,42.6369,141.6033,74.17,52,40,4.61,scattered clouds
62,Nipawin,CA,53.3668,-104.0009,48.24,53,20,5.75,haze
63,Lithakia,GR,37.7167,20.8333,64.58,82,20,0,few clouds
64,Zemetchino,RU,53.4973,42.6163,38.46,90,46,4.18,scattered clouds
65,Kapaa,US,22.0752,-159.319,84.18,76,40,3,light rain
66,Maarianhamina,AX,60.0973,19.9348,51.66,82,90,17.27,overcast clouds
67,Mahibadhoo,MV,3.7833,72.9667,82.31,77,23,14.76,few clouds
68,Vilyuysk,RU,63.7553,121.6247,40.37,48,17,3.15,few clouds
69,Sovetskiy,RU,61.3614,63.5842,32.7,71,23,8.88,few clouds
70,Lorengau,PG,-2.0226,147.2712,86.2,62,66,6.04,broken clouds
71,Broken Hill,AU,-31.95,141.4333,75.51,30,45,20.62,scattered clouds
72,Mar Del Plata,AR,-38.0023,-57.5575,49.12,62,0,5.99,clear sky
73,Whitecourt,CA,54.1502,-115.6855,48.29,55,99,2.33,overcast clouds
74,Barrow,US,71.2906,-156.7887,28.42,80,90,11.5,overcast clouds
75,Abu Dhabi,AE,24.4667,54.3667,89.71,79,98,1.14,overcast clouds
76,Ribeira Grande,PT,38.5167,-28.7,71.22,89,91,5.64,overcast clouds
77,Qaanaaq,GL,77.484,-69.3632,31.05,95,100,15.32,light snow
78,Nanortalik,GL,60.1432,-45.2371,40.06,76,4,3.02,clear sky
79,Chuy,UY,-33.6971,-53.4616,55.65,85,100,9.62,overcast clouds
80,Talnakh,RU,69.4865,88.3972,22.84,89,35,0.47,scattered clouds
81,Ponta Do Sol,PT,32.6667,-17.1,71.71,79,0,1.74,clear sky
82,Ierapetra,GR,35.01,25.7353,68.18,62,2,13,clear sky
83,Norman Wells,CA,65.282,-126.8329,34.86,94,100,8.63,overcast clouds
84,Bethel,US,41.3712,-73.414,64.92,87,1,4.61,clear sky
85,Ostrovnoy,RU,68.0531,39.5131,46.56,88,100,16.93,overcast clouds
86,Tiksi,RU,71.6872,128.8694,28.63,80,87,16.26,overcast clouds
87,Mutoko,ZW,-17.397,32.2268,62.78,54,4,3.58,clear sky
88,Nagapattinam,IN,10.7667,79.8333,86.9,64,60,2.82,broken clouds
89,Nikolskoye,RU,59.7035,30.7861,42.87,96,17,5.01,few clouds
90,Lyuban,BY,52.7985,28.0048,41.09,75,76,7.45,broken clouds
91,Baykit,RU,61.67,96.37,37.54,84,95,3.31,overcast clouds
92,Jamestown,US,42.097,-79.2353,64.71,86,90,1.01,overcast clouds
93,Mahebourg,MU,-20.4081,57.7,76.24,69,40,15.37,scattered clouds
94,Colac,AU,-38.3333,143.5833,69.15,79,95,9.4,light rain
95,Airai,TL,-8.9266,125.4092,77.76,44,65,3.06,broken clouds
96,Albany,US,42.6001,-73.9662,60.31,88,61,3.06,broken clouds
97,Hobart,AU,-42.8794,147.3294,61.11,77,75,11.5,broken clouds
98,Butaritari,KI,3.0707,172.7902,82.13,68,19,16.28,few clouds
99,Faya,SA,18.3851,42.4509,61.32,28,96,3.53,overcast clouds
100,Bodden Town,KY,19.2833,-81.25,80.92,92,9,4,clear sky
101,Heihe,CN,50.2441,127.4902,45.18,56,100,13.15,light rain
102,Pishin,PK,30.5803,66.9961,71.94,23,1,7.49,clear sky
103,Tasiilaq,GL,65.6145,-37.6368,33.96,62,1,6.62,clear sky
104,Chara,RU,56.9064,118.2631,38.88,49,11,1.59,few clouds
105,Chichawatni,PK,30.5333,72.7,95.34,36,55,12.71,broken clouds
106,Wuda,CN,39.4994,106.7117,66.9,11,98,13.27,overcast clouds
107,Surt,LY,31.2089,16.5887,71.38,62,0,10.74,clear sky
108,Bastia,FR,42.6667,9.3333,67.3,88,75,1.01,broken clouds
109,Matay,EG,28.419,30.7792,68.45,72,0,8.88,clear sky
110,Caravelas,BR,-17.7125,-39.2481,74.84,86,3,11.48,clear sky
111,Tabou,CI,4.423,-7.3528,76.14,87,94,4.12,light rain
112,Bilibino,RU,68.0546,166.4372,27.05,96,100,2.82,light snow
113,Chokurdakh,RU,70.6333,147.9167,26.73,95,100,9.37,overcast clouds
114,Palmer,US,42.1584,-72.3287,62.46,77,20,0,few clouds
115,Santa Luzia,BR,-19.7697,-43.8514,70.7,82,35,3.78,scattered clouds
116,Tulsa,US,36.1001,-95.9003,67.87,86,1,0,clear sky
117,Lompoc,US,34.6391,-120.4579,66.22,100,90,0,fog
118,Tromso,NO,69.6496,18.957,54.25,87,88,1.99,overcast clouds
119,Rasulnagar,PK,32.3285,73.7814,82.63,64,0,7.07,clear sky
120,Altamira,BR,-3.2033,-52.2064,71.42,98,54,1.59,light rain
121,East London,ZA,-33.0153,27.9116,53.29,60,17,16.78,few clouds
122,Sola,VU,-13.8833,167.55,79.74,78,97,12.12,overcast clouds
123,Husavik,IS,66.0449,-17.3389,41.97,98,100,24.87,overcast clouds
124,Saint George,US,37.1041,-113.5841,75.94,21,1,4.61,clear sky
125,Pimentel,PE,-6.8367,-79.9342,62.58,85,5,9.44,clear sky
126,Boende,CD,-0.2167,20.8667,69.78,94,97,1.36,overcast clouds
127,Hayden,US,47.766,-116.7866,55.4,78,1,6.91,clear sky
128,Morehead,US,37.2711,-87.1764,69.55,97,40,5.75,scattered clouds
129,Kathmandu,NP,27.7167,85.3167,73.62,78,75,2.3,broken clouds
130,Ugoofaaru,MV,5.6667,73,82.29,78,96,15.9,overcast clouds
131,Moose Factory,CA,51.2585,-80.6094,39.18,93,1,4.61,mist
132,Vilhena,BR,-12.7406,-60.1458,68.79,92,60,4.97,broken clouds
133,Hokitika,NZ,-42.7167,170.9667,54.37,67,100,7.25,light rain
134,Dingle,PH,10.9995,122.6711,86.59,71,94,5.35,overcast clouds
135,Nador,MA,35.174,-2.9287,64.65,94,21,9.22,few clouds
136,Novo Oriente,BR,-5.5344,-40.7742,76.41,57,5,4.85,clear sky
137,Mezhdurechensk,RU,53.6942,88.0603,35.28,94,100,4.07,light rain
138,Biltine,TD,14.5333,20.9167,80.65,26,18,6.96,few clouds
139,Crotone,IT,39.0851,17.1178,69.01,67,96,2.77,overcast clouds
140,Kaniama,CD,-7.5667,24.1833,68.18,92,100,1.97,overcast clouds
141,Ayagoz,KZ,47.9714,80.4392,42.62,52,99,15.23,overcast clouds
142,Thompson,CA,55.7435,-97.8558,50.94,73,44,3.24,scattered clouds
143,Lagoa,PT,39.05,-27.9833,69.19,83,98,9.24,overcast clouds
144,Aswan,EG,24.0934,32.907,73.11,48,0,9.89,clear sky
145,Kiunga,PG,-6.1219,141.2906,73.11,99,100,2.62,light rain
146,Panji,ID,-7.7253,114.0995,91.15,43,45,6.62,scattered clouds
147,Saint-Philippe,RE,-21.3585,55.7679,75.22,72,42,14.09,scattered clouds
148,Rio Grande,BR,-32.035,-52.0986,57.94,91,74,6.22,broken clouds
149,General Roca,AR,-39.0333,-67.5833,49.75,38,1,20.47,clear sky
150,Arraial Do Cabo,BR,-22.9661,-42.0278,70.97,91,100,7.18,overcast clouds
151,Erenhot,CN,43.6475,111.9767,50.41,33,93,15.88,overcast clouds
152,Sabha,LY,27.0377,14.4283,73.15,43,63,12.66,broken clouds
153,Gejiu,CN,23.306,103.1635,63.84,80,87,5.41,overcast clouds
154,Khatanga,RU,71.9667,102.5,22.15,89,78,3.83,broken clouds
155,Jaisalmer,IN,26.9147,70.9181,85.89,60,9,15.1,clear sky
156,Yazd,IR,31.8972,54.3675,68.11,34,0,4.61,clear sky
157,Cururupu,BR,-1.8283,-44.8683,75.42,90,11,3.8,few clouds
158,Lagos,NG,6.5833,3.75,75.36,94,95,2.84,light rain
159,Polazna,RU,58.2946,56.4055,33.19,83,66,4.29,broken clouds
160,Songjianghe,CN,42.1859,127.479,59.94,89,100,11.45,overcast clouds
161,Puerto Ayora,EC,-0.7393,-90.3518,69.42,90,70,8.75,broken clouds
162,Kavieng,PG,-2.5744,150.7967,85.64,65,50,7.34,scattered clouds
163,Beatrice,US,40.2681,-96.747,64.04,88,90,6.91,overcast clouds
164,Komsomolskiy,UZ,40.4272,71.7189,54.32,43,63,4.61,broken clouds
165,Erzin,TR,36.9559,36.2,72.32,74,3,1.45,clear sky
166,Cayenne,GF,4.9333,-52.3333,83.08,80,0,0,clear sky
167,Altay,CN,47.8667,88.1167,35.83,54,84,4.43,broken clouds
168,Lethem,GY,3.3803,-59.7968,78.51,71,25,5.44,scattered clouds
169,Iskateley,RU,67.6803,53.1512,36.21,80,100,10.13,overcast clouds
170,Sobolevo,RU,54.4299,31.8996,40.48,83,100,6.26,light rain
171,Severo-Kurilsk,RU,50.6789,156.125,46.9,97,100,18.77,moderate rain
172,Torbay,CA,47.6666,-52.7314,54.75,92,100,10,overcast clouds
173,Korla,CN,41.7597,86.1469,53.71,35,100,12.59,overcast clouds
174,Najran,SA,17.4924,44.1277,77.18,25,99,2.59,overcast clouds
175,Basco,PH,20.4487,121.9702,83.82,69,29,18.05,scattered clouds
176,Palu,ID,-0.8917,119.8707,85.1,80,79,3.78,heavy intensity rain
177,Cieza,ES,38.24,-1.4199,66.15,86,100,1.88,overcast clouds
178,Sinnamary,GF,5.3833,-52.95,80.08,80,40,9.53,scattered clouds
179,Hami,CN,42.8,93.45,54.43,28,99,8.03,overcast clouds
180,Puerto Escondido,MX,15.85,-97.0667,80.76,82,52,2.57,broken clouds
181,Ewa Beach,US,21.3156,-158.0072,84.15,64,75,6.91,broken clouds
182,Ketchikan,US,55.3422,-131.6461,42.78,88,100,6.31,light rain
183,Kangaatsiaq,GL,68.3065,-53.4641,30.06,86,77,11.18,broken clouds
184,Bilma,NE,18.6853,12.9164,79.77,21,0,7.94,clear sky
185,Akyab,MM,20.15,92.9,84.54,75,100,1.92,overcast clouds
186,Yar-Sale,RU,66.8333,70.8333,31.5,76,48,12.41,scattered clouds
187,Saldanha,ZA,-33.0117,17.9442,52.7,67,77,9.98,broken clouds
188,Tarbagatay,RU,51.4803,107.3602,44.13,71,100,10.71,light rain
189,Iqaluit,CA,63.7506,-68.5145,35.73,66,0,4.18,clear sky
190,Hofn,IS,64.2539,-15.2082,45.36,73,86,23.58,overcast clouds
191,Guarapari,BR,-20.6667,-40.4975,76.89,94,18,8.08,few clouds
192,Ust-Maya,RU,60.4167,134.5333,35.01,68,98,4.52,overcast clouds
193,Chumikan,RU,54.7183,135.315,47.79,50,37,9.89,scattered clouds
194,Tuktoyaktuk,CA,69.4541,-133.0374,35.4,91,100,22.41,overcast clouds
195,Souillac,MU,-20.5167,57.5167,76.35,73,40,16.11,scattered clouds
196,Orlik,RU,52.5178,99.825,30.97,79,100,2.68,light snow
197,Mount Isa,AU,-20.7333,139.5,101.97,8,0,13.8,clear sky
198,Kautokeino,NO,69.0125,23.0412,42.3,82,88,26.64,overcast clouds
199,Esperance,AU,-33.8667,121.9,58.84,59,86,27,overcast clouds
200,Libreville,GA,0.3925,9.4537,77.02,94,75,5.75,moderate rain
201,Alghero,IT,40.5589,8.3181,59.09,100,20,1.14,mist
202,Turukhansk,RU,65.8167,87.9833,34.88,83,99,1.77,overcast clouds
203,La Ronge,CA,55.1001,-105.2842,55.65,54,100,9.22,overcast clouds
204,Valdemarpils,LV,57.3707,22.5919,44.02,91,29,10.74,scattered clouds
205,Cidreira,BR,-30.1811,-50.2056,63.68,86,61,11.74,broken clouds
206,Sisimiut,GL,66.9395,-53.6735,33.57,75,35,10.54,scattered clouds
207,Port Hawkesbury,CA,45.6169,-61.3485,53.69,91,90,3,overcast clouds
208,Port Hedland,AU,-20.3167,118.5667,87.85,12,3,5.75,clear sky
209,Holland,US,42.7875,-86.1089,70.02,73,75,3.44,broken clouds
210,Hervey Bay,AU,-25.2986,152.8535,80.71,76,0,14.79,clear sky
211,Ginir,ET,7.1333,40.7,61.12,76,88,2.42,overcast clouds
212,Hasaki,JP,35.7333,140.8333,77.4,67,3,10.02,clear sky
213,Bull Savanna,JM,17.8868,-77.5902,76.15,82,92,5.32,overcast clouds
214,Davila,PH,18.4726,120.5763,86.88,69,59,18.66,broken clouds
215,Sorland,NO,67.667,12.6934,53.06,82,100,19.3,overcast clouds
216,Dayong,CN,25.0209,118.2898,87.03,54,0,4.81,clear sky
217,Acarau,BR,-2.8856,-40.12,78.42,82,5,16.02,clear sky
218,Saskylakh,RU,71.9167,114.0833,22.06,95,89,7.11,overcast clouds
219,Gorontalo,ID,0.5412,123.0595,85.48,72,100,3,overcast clouds
220,Roma,US,43.2128,-75.4557,61.66,93,75,0,broken clouds
221,Zhizdra,RU,53.746,34.7395,39.34,91,19,5.3,few clouds
222,La Cruz,MX,23.9167,-106.9,79.99,81,97,4.81,overcast clouds
223,Strezhevoy,RU,60.7333,77.5889,33.78,86,100,2.86,overcast clouds
224,Wenling,CN,28.3669,121.36,90.91,63,7,8.97,clear sky
225,Hurghada,EG,27.2574,33.8129,73.26,70,0,19.55,clear sky
226,Bergen,NO,60.392,5.328,59.14,57,0,12.66,light rain
227,Tuatapere,NZ,-46.1333,167.6833,54.82,73,100,3.4,overcast clouds
228,Poum,NC,-20.2333,164.0167,75.7,81,4,8.97,clear sky
229,Dikson,RU,73.5069,80.5464,34.25,85,100,12.17,overcast clouds
230,Aras,ES,42.5617,-2.356,69.6,85,0,1.14,clear sky
231,Saint Anthony,US,45.0205,-93.218,66.24,92,90,3,overcast clouds
232,Voh,NC,-20.9667,164.7,77.52,73,74,3.49,broken clouds
233,Novyy Urgal,RU,51.0736,132.5642,47.91,42,38,1.81,scattered clouds
234,Mantua,IT,45.1667,10.7833,65.44,85,52,3,broken clouds
235,Karratha,AU,-20.7377,116.8463,82.99,21,4,7.61,clear sky
236,Hilo,US,19.7297,-155.09,78.28,85,40,5.75,light rain
237,Koslan,RU,63.4564,48.8989,41.45,94,100,2.28,overcast clouds
238,Colesberg,ZA,-30.72,25.0972,35.55,72,1,8.3,clear sky
239,Mount Gambier,AU,-37.8333,140.7667,57.56,95,98,9.84,overcast clouds
240,Makakilo City,US,21.3469,-158.0858,79.12,66,90,6.91,light intensity drizzle
241,Inzer,RU,54.2167,57.5556,40.57,92,96,3.13,overcast clouds
242,Diamantino,BR,-14.4086,-56.4461,79.2,54,1,5.61,clear sky
243,Flagstaff,US,35.1981,-111.6513,59.79,59,56,1.99,broken clouds
244,Portland,US,45.5234,-122.6762,62.55,75,1,1.01,clear sky
245,Gobabis,NA,-22.45,18.9667,46.35,27,0,8.95,clear sky
246,Pitimbu,BR,-7.4706,-34.8086,75.79,83,7,13.04,clear sky
247,Mweka,CD,-4.85,21.5667,67.8,99,100,0.89,light rain
248,Alofi,NU,-19.0595,-169.9187,75.09,94,100,16.11,light rain
249,Ilo,PE,-17.6394,-71.3375,61.09,82,34,8.34,scattered clouds
250,Bambous Virieux,MU,-20.3428,57.7575,76.21,73,40,16.11,scattered clouds
251,San Luis,AR,-33.295,-66.3356,46.63,23,0,8.21,clear sky
252,Longyearbyen,SJ,78.2186,15.6401,35.44,93,75,1.14,light rain
253,Kloulklubed,PW,7.0419,134.2556,84.7,75,82,10.94,broken clouds
254,Bonavista,CA,48.6499,-53.1147,54.12,86,33,9.35,scattered clouds
255,Bandarbeyla,SO,9.4942,50.8122,79.81,78,58,23.55,broken clouds
256,Chicama,PE,-7.8447,-79.1469,63.39,81,48,4.32,scattered clouds
257,Guerrero Negro,MX,27.9769,-114.0611,73.89,73,61,11.07,broken clouds
258,Biak,ID,-0.9131,122.8766,82.71,72,72,4.65,broken clouds
259,Carutapera,BR,-1.195,-46.02,77.79,77,28,6.87,scattered clouds
260,Vila Franca Do Campo,PT,37.7167,-25.4333,72.19,92,95,6.11,overcast clouds
261,Khandbari,NP,27.3747,87.2039,68.79,95,100,2.59,overcast clouds
262,Buctzotz,MX,21.2,-88.7833,73.35,94,35,3.85,scattered clouds
263,Nuuk,GL,64.1835,-51.7216,34.41,80,20,12.66,few clouds
264,Eenhana,NA,-17.4667,16.3333,51.55,13,6,4.16,clear sky
265,Camocim,BR,-2.9022,-40.8411,77.47,81,5,13.2,clear sky
266,Saumur,FR,47.3333,-0.25,57.88,99,100,17.94,overcast clouds
267,Necochea,AR,-38.5473,-58.7368,47.03,83,34,19.66,scattered clouds
268,Bacungan,PH,9.9106,118.7022,87.28,66,76,2.8,broken clouds
269,Gryazi,RU,52.4966,39.9359,41.18,75,65,5.12,broken clouds
270,Belyy Yar,RU,53.6039,91.3903,40.89,52,0,13.42,clear sky
271,Segovia,ES,41.1667,-4,57.06,64,94,5.79,overcast clouds
272,Kamenka,RU,51.3223,42.7678,47.75,69,97,6.76,overcast clouds
273,San Cristobal,VE,7.7669,-72.225,73.58,88,21,1.79,few clouds
274,Lavrentiya,RU,65.5833,-171,25.9,76,4,5.14,clear sky
275,Jalu,LY,29.0331,21.5482,65.95,63,1,8.1,clear sky
276,Victoria,HK,22.2855,114.1577,87.96,83,58,7,light rain
277,Loxstedt,DE,53.4667,8.65,64.31,84,100,20.54,overcast clouds
278,Bure,ET,10.7,37.0667,54.97,93,28,3.83,scattered clouds
279,Shakiso,ET,5.75,38.9167,59.95,92,64,1.63,broken clouds
280,Pierre,US,44.3683,-100.351,63.05,86,1,4,clear sky
281,Te Anau,NZ,-45.4167,167.7167,55.11,64,100,1.19,moderate rain
282,Xuddur,SO,4.1213,43.8894,71.96,76,58,12.26,broken clouds
283,Den Helder,NL,52.9599,4.7593,58.98,84,75,17,broken clouds
284,Tucurui,BR,-3.7661,-49.6725,75.49,89,100,1.92,overcast clouds
285,Meulaboh,ID,4.1363,96.1285,83.46,68,94,2.3,overcast clouds
286,Georgetown,MY,5.4112,100.3354,88.9,71,20,1.99,few clouds
287,Youkounkoun,GN,12.5333,-13.1333,73.85,94,28,2.48,scattered clouds
288,Panama City,PA,8.9936,-79.5197,81.05,86,90,6.91,overcast clouds
289,Maralal,KE,1.0968,36.698,61.05,64,98,2.48,overcast clouds
290,Mikhaylovka,RU,50.06,43.2379,45.21,51,7,3.62,clear sky
291,Nago,JP,26.5881,127.9761,87.96,73,16,17.31,few clouds
292,Carnarvon,AU,-24.8667,113.6333,69.87,64,90,19.57,overcast clouds
293,Bubaque,GW,11.2833,-15.8333,81.25,78,92,8.72,light rain
294,Faanui,PF,-16.4833,-151.75,79.23,71,8,10.6,clear sky
295,Port Blair,IN,11.6667,92.75,82.44,89,75,9.22,broken clouds
296,Zalantun,CN,48,122.7167,39.4,96,100,13.76,overcast clouds
297,Chebenki,RU,51.9337,55.7077,46.15,80,100,6.98,overcast clouds
298,Ondangwa,NA,-17.9167,15.95,51.8,40,3,1.14,clear sky
299,Ucluelet,CA,48.9329,-125.5528,57.09,93,100,1.01,overcast clouds
300,Thurso,GB,58.5927,-3.5259,48.45,89,100,22.86,overcast clouds
301,Rodino,RU,52.5,80.25,38.35,64,100,10.85,overcast clouds
302,Pevek,RU,69.7008,170.3133,26.29,85,98,16.26,overcast clouds
303,Neryungri,RU,56.6709,124.6491,35.55,66,73,8.28,broken clouds
304,Upernavik,GL,72.7868,-56.1549,31.35,78,100,9.51,overcast clouds
305,Tateyama,JP,34.9833,139.8667,80.1,71,12,8.25,few clouds
306,Cockburn Town,TC,21.4612,-71.1419,83.25,71,12,17.52,few clouds
307,Kintampo,GH,8.0563,-1.7306,70.95,97,86,4.36,light rain
308,Tocopilla,CL,-22.092,-70.1979,61.11,70,13,7.72,few clouds
309,San Juan,AR,-31.5375,-68.5364,55.72,19,52,14.41,broken clouds
310,Cap-Haitien,HT,19.7578,-72.2042,80.62,78,34,6.96,scattered clouds
311,Fujin,CN,47.26,132.0322,52.95,63,100,19.62,moderate rain
312,Fitchburg,US,42.5834,-71.8023,61.41,88,1,4.61,clear sky
313,Carman,CA,49.4992,-98.0016,57.54,76,0,3.44,clear sky
314,Kruisfontein,ZA,-34.0033,24.7314,46.89,68,75,10.6,broken clouds
315,Yulara,AU,-25.2406,130.9889,76.84,20,0,5.75,clear sky
316,Sumkino,RU,58.1108,68.3244,33.1,78,100,7.94,overcast clouds
317,Coro,VE,11.4045,-69.6734,79.86,85,100,12.3,overcast clouds
318,Kushmurun,KZ,52.4503,64.6311,43.95,65,95,11.81,overcast clouds
319,Kupang,ID,-10.1667,123.5833,85.82,59,23,11.01,few clouds
320,Denpasar,ID,-8.65,115.2167,82.06,74,75,3.44,broken clouds
321,Sabla,NG,12.7525,4.7077,79.83,60,39,5.14,scattered clouds
322,Alice Springs,AU,-23.7,133.8833,80.15,22,0,6.91,clear sky
323,Maningrida,AU,-12.0667,134.2667,89.58,59,37,15.19,scattered clouds
324,Saint-Augustin,CA,51.226,-58.6502,43.25,89,100,8.68,overcast clouds
325,Neiafu,TO,-18.65,-173.9833,75.88,94,90,9.22,overcast clouds
326,Viedma,AR,-40.8135,-62.9967,43.52,54,5,14.85,clear sky
327,Petropavlovsk-Kamchatskiy,RU,53.0452,158.6483,48.79,81,75,4.47,moderate rain
328,Sri Aman,MY,1.2376,111.4621,89.65,70,40,3.44,scattered clouds
329,Quatre Cocos,MU,-20.2078,57.7625,76.08,68,37,14.9,scattered clouds
330,Shingu,JP,33.7333,135.9833,79.79,49,0,7.25,clear sky
331,Dobric,RS,44.7019,19.5814,54.05,65,52,4.68,broken clouds
332,Bengkulu,ID,-3.8004,102.2655,83.34,72,22,5.19,few clouds
333,Port Lincoln,AU,-34.7333,135.8667,61.29,56,9,27.76,clear sky
334,Kropotkin,RU,45.4375,40.5756,50.9,64,70,17.45,broken clouds
335,Sanandaj,IR,35.3144,46.9923,48.22,43,0,4.61,clear sky
336,Santa Rosa,PH,14.3122,121.1114,87.78,78,100,7.45,overcast clouds
337,Port-Gentil,GA,-0.7193,8.7815,77.36,86,97,12.53,light rain
338,Biga,TR,40.2281,27.2422,63.05,65,97,12.1,overcast clouds
339,Tura,IN,25.5198,90.2201,79.18,89,52,4.83,broken clouds
340,Vardo,NO,70.3705,31.1107,47.3,85,100,26.8,overcast clouds
341,College,US,64.8569,-147.8028,34.59,95,90,4.61,light snow
342,Xichang,CN,27.8964,102.2634,76.91,63,4,3.74,clear sky
343,Hammerfest,NO,70.6634,23.6821,54.05,66,0,14.97,clear sky
344,Thanh Hoa,VN,19.8,105.7667,87.91,58,80,5.61,broken clouds
345,Egvekinot,RU,66.3167,-179.1667,18.84,95,91,3.96,light snow
346,Pisco,PE,-13.7,-76.2167,62.65,82,75,9.22,broken clouds
347,Calama,CL,-22.4667,-68.9333,50.49,23,0,4.99,clear sky
348,Half Moon Bay,US,37.4636,-122.4286,77,54,1,0,clear sky
349,Dyatkovo,RU,53.5978,34.3382,39.06,91,39,4.81,scattered clouds
350,Solwezi,ZM,-12.1688,26.3894,65.03,80,100,3.29,overcast clouds
351,Fairbanks,US,64.8378,-147.7164,34.61,95,90,4.61,mist
352,Fort Saint James,CA,54.4333,-124.25,41.83,61,1,7.85,clear sky
353,Abnub,EG,27.2696,31.1511,69.89,72,0,10.96,clear sky
354,Yaring,TH,6.8662,101.3689,91.15,65,97,5.3,overcast clouds
355,Urucui,BR,-7.2294,-44.5561,75.36,70,28,0.56,scattered clouds
356,San Andres,CO,12.5847,-81.7006,82.42,83,40,9.22,scattered clouds
357,Birin,NP,26.8865,88.0718,61.68,95,100,4.07,overcast clouds
358,Inuvik,CA,68.3499,-133.7218,36.36,100,90,10.36,light intensity drizzle
359,Vanimo,PG,-2.6741,141.3028,81.28,82,100,1.77,light rain
360,Dalby,AU,-27.1833,151.2667,87.98,10,1,4,clear sky
361,Zhanaozen,KZ,43.3,52.8,50.5,41,6,14.9,clear sky
362,Shillong,IN,25.5689,91.8831,67.23,69,29,2.91,scattered clouds
363,Oudtshoorn,ZA,-33.5907,22.2014,41.36,63,65,4.29,broken clouds
364,Chermoz,RU,58.787,56.1489,35.73,80,58,8.88,broken clouds
365,Cabedelo,BR,-6.9811,-34.8339,75.87,81,8,13.53,clear sky
366,Ipixuna,BR,-1.7625,-48.8043,76.95,94,98,3.76,very heavy rain
367,Nawabganj,BD,24.5911,88.271,87.85,65,5,9.66,clear sky
368,Klyuchi,RU,52.2667,79.1667,39.2,59,100,9.19,overcast clouds
369,Sokoni,TZ,-6.4333,39.55,77.36,74,55,10.16,broken clouds
370,Kudahuvadhoo,MV,2.6708,72.8944,83.26,72,26,14.32,scattered clouds
371,Raga,SS,8.4596,25.678,67.55,96,100,5.46,overcast clouds
372,Leningradskiy,RU,69.3833,178.4167,19.83,74,18,7.72,few clouds
373,Ilulissat,GL,69.2167,-51.1,26.62,54,20,10.36,few clouds
374,Storsteinnes,NO,69.2408,19.2344,54.25,82,97,8.16,overcast clouds
375,Ordu,TR,40.9086,37.6845,46.9,90,100,2.15,light rain
376,Merzifon,TR,40.8733,35.4631,40.46,87,40,4.61,scattered clouds
377,Luanda,AO,-8.8368,13.2343,70.27,82,83,7.16,broken clouds
378,Novovarshavka,RU,54.1721,74.6946,37.53,73,100,7.81,overcast clouds
379,Panzhihua,CN,26.5851,101.7128,82.94,56,3,2.26,clear sky
380,Ayaviri,PE,-14.8864,-70.5889,47.84,53,25,1.16,scattered clouds
381,Madingou,CG,-4.1536,13.55,74.68,87,45,2.71,scattered clouds
382,Ballina,AU,-28.8667,153.5667,86.18,36,1,5.66,clear sky
383,Kalmunai,LK,7.4167,81.8167,84.7,69,59,2.15,broken clouds
384,Kahului,US,20.8947,-156.47,80.62,77,40,19.57,scattered clouds
385,Nyurba,RU,63.2842,118.3319,41.54,53,66,2.46,broken clouds
386,Camana,PE,-16.6228,-72.7111,61.88,84,59,8.88,broken clouds
387,Saint-Louis,SN,16.3333,-15,85.15,53,84,7.85,broken clouds
388,Ca Mau,VN,9.1769,105.15,82.8,80,100,5.01,overcast clouds
389,Mayor Pablo Lagerenza,PY,-19.9309,-60.7718,89.6,36,0,10.8,clear sky
390,Chaman,PK,30.9236,66.4512,72.57,24,0,9.42,clear sky
391,Deputatskiy,RU,69.3,139.9,21.51,79,15,3.85,few clouds
392,Warren,US,39.4334,-84.1666,71.69,86,40,6.91,scattered clouds
393,Maniitsoq,GL,65.4167,-52.9,37.69,70,13,7.25,few clouds
394,Daru,PG,-9.0763,143.2092,83.95,68,85,8.1,overcast clouds
395,Nokaneng,BW,-19.6667,22.2667,59.86,22,6,7.49,clear sky
396,Luoyang,CN,34.6836,112.4536,79.45,74,100,3.76,light rain
397,Teguldet,RU,57.3064,88.1667,33.51,90,100,7.47,overcast clouds
398,Les Cayes,HT,18.2,-73.75,78.21,77,47,3.58,scattered clouds
399,Mosquera,CO,4.7059,-74.2302,51.89,93,20,3.44,few clouds
400,Winslow,US,35.0242,-110.6974,57.38,58,1,3.44,clear sky
401,Mayo,US,38.8876,-76.5119,68.99,93,100,1.01,overcast clouds
402,Axim,GH,4.8699,-2.2405,75.87,91,81,5.73,broken clouds
403,Araceli,PH,10.5529,119.9913,83.89,68,100,1.72,overcast clouds
404,Myhove,UA,48.1575,25.379,39.9,83,11,4.18,few clouds
405,Guthrie,US,35.8789,-97.4253,69.62,88,30,0,scattered clouds
406,Chupa,RU,66.27,33.0549,47.82,81,100,4.81,overcast clouds
407,Prescott,US,34.54,-112.4685,63.5,52,1,9.22,clear sky
408,Araouane,ML,18.9048,-3.5265,88.63,12,79,8.14,broken clouds
409,Fortuna,US,40.5982,-124.1573,67.48,72,90,0,overcast clouds
410,Fare,PF,-16.7,-151.0167,78.93,73,3,11.32,clear sky
411,Woodstock,CA,43.1334,-80.7497,65.43,81,98,8.99,overcast clouds
412,Wainwright,CA,52.839,-110.8572,53.47,26,100,7.34,overcast clouds
413,Khandyga,RU,62.6667,135.6,35.69,76,100,3.47,overcast clouds
414,Obregon,NI,11.9566,-85.9636,75.67,91,41,4.12,scattered clouds
415,Anadyr,RU,64.75,177.4833,34.3,93,75,5.99,broken clouds
416,Sambava,MG,-14.2667,50.1667,71.42,73,43,7.65,scattered clouds
417,Coquimbo,CL,-29.9533,-71.3436,51.53,87,0,3.44,clear sky
418,Carballo,ES,43.213,-8.691,55.76,95,95,7.61,overcast clouds
419,Mabaruma,GY,8.2,-59.7833,73.44,99,100,2.24,overcast clouds
420,Natal,BR,-5.795,-35.2094,74.05,94,40,3.44,scattered clouds
421,Malanje,AO,-9.5402,16.341,62.1,93,78,5.61,broken clouds
422,Grenfell,AU,-33.9,148.1667,65.37,61,100,6.29,overcast clouds
423,Steinbach,DE,50.1667,8.5667,66.58,68,0,5.75,clear sky
424,Macusani,PE,-14.0833,-70.4333,39.92,80,85,2.24,overcast clouds
425,Hay River,CA,60.8156,-115.7999,46.36,66,40,11.5,scattered clouds
426,San Jose,US,37.3394,-121.895,75.96,50,20,4.61,few clouds
427,Piacabucu,BR,-10.4056,-36.4344,75.47,86,3,10.96,clear sky
428,Batagay-Alyta,RU,67.8006,130.4114,27.1,64,4,2.08,clear sky
429,Kuantan,MY,3.8077,103.326,89.71,70,20,1.14,few clouds
430,Eureka,US,40.8021,-124.1637,61.66,73,20,2.86,few clouds
431,Borogontsy,RU,62.6683,131.1683,36.34,69,83,1.16,broken clouds
432,Alta Floresta,BR,-9.8756,-56.0861,69.53,96,97,3.09,overcast clouds
433,Karabuk,TR,41.2049,32.6277,51.94,87,63,0.56,broken clouds
434,Akdepe,TM,42.0551,59.3788,51.89,37,62,9.91,broken clouds
435,Ayan,RU,56.45,138.1667,45.79,49,100,1.01,overcast clouds
436,Grindavik,IS,63.8424,-22.4338,41.47,81,75,28.77,broken clouds
437,Mocuba,MZ,-16.8392,36.9856,78.4,49,0,5.26,clear sky
438,Anloga,GH,5.7947,0.8973,79.09,84,77,11.01,broken clouds
439,Katsuura,JP,35.1333,140.3,80.19,75,23,11.3,few clouds
440,Chabua,IN,27.4825,95.1736,82.35,89,75,10.36,haze
441,San Patricio,US,28.017,-97.5169,80.89,74,100,5.41,overcast clouds
442,Pangnirtung,CA,66.1451,-65.7125,37.2,83,7,2.86,clear sky
443,Labytnangi,RU,66.6572,66.4183,31.93,74,32,4.38,scattered clouds
444,Ancud,CL,-41.8697,-73.8203,42.33,82,59,5.73,broken clouds
445,Salmas,IR,38.1973,44.7653,49.19,58,0,0.51,clear sky
446,Springdale,US,36.1867,-94.1288,65.3,94,1,3.44,clear sky
447,Vanavara,RU,60.34,102.2797,40.32,62,86,6.96,overcast clouds
448,La Palma,US,33.8464,-118.0467,85.95,40,1,0,clear sky
449,Maceio,BR,-9.6658,-35.7353,76.44,94,20,2.3,few clouds
450,San Jeronimo,PE,-11.9472,-75.2829,54.19,71,74,3.27,broken clouds
451,Cehegin,ES,38.0924,-1.7985,63.28,81,100,0.98,overcast clouds
452,Nouadhibou,MR,20.931,-17.0347,73.38,78,86,12.66,overcast clouds
453,Okhotsk,RU,59.3833,143.3,46.04,57,97,11.72,overcast clouds
454,Connersville,US,39.6412,-85.1411,71.69,85,100,9.57,overcast clouds
455,Namibe,AO,-15.1961,12.1522,57.63,89,19,3.58,few clouds
456,Banda Aceh,ID,5.5577,95.3222,83.95,71,95,3.09,overcast clouds
457,Khani,GE,41.9563,42.9566,53.17,80,95,2.98,light rain
458,Salinas,US,36.6777,-121.6555,74.52,88,1,5.75,clear sky
459,Basoko,CD,1.2391,23.616,68.59,95,99,2.64,overcast clouds
460,Nemuro,JP,43.3236,145.575,68.43,70,19,7.25,few clouds
461,Alekseyevsk,RU,57.8406,108.3492,42.46,66,89,4.92,overcast clouds
462,Lamu,KE,-2.2717,40.902,77.22,80,81,11.01,broken clouds
463,Sawakin,SD,19.1059,37.3321,83.64,53,88,7.96,overcast clouds
464,Oranjestad,AW,12.524,-70.027,84.15,84,40,5.01,scattered clouds
465,Kumluca,TR,36.3703,30.2869,72.88,41,0,6.33,clear sky
466,Malatya,TR,38.5,38,50.05,66,40,2.3,scattered clouds
467,Mana,GF,5.6592,-53.7767,79.18,83,57,8.79,broken clouds
468,Batemans Bay,AU,-35.7167,150.1833,75.2,53,68,7.16,broken clouds
469,Kaminskiy,RU,57.1516,41.4732,43.36,81,100,2.73,light rain
470,Dawlatabad,AF,36.4141,64.9053,57.88,21,0,3.91,clear sky
471,Esna,EG,25.2934,32.554,73,49,0,13.29,clear sky
472,Beyneu,KZ,45.3167,55.2,50.29,29,0,5.7,clear sky
473,Pacific Grove,US,36.6177,-121.9166,72.28,90,1,0,clear sky
474,Belaya Gora,RU,68.5333,146.4167,31.42,76,87,7.43,overcast clouds
475,Pervoye Maya,RU,56.164,44.7196,40.71,75,100,3.24,light rain
476,Rochegda,RU,62.8,43.25,39.87,85,100,3.13,overcast clouds
477,Biryukove,UA,47.9563,39.7384,48.51,55,100,13.65,overcast clouds
478,Codrington,AU,-38.2667,141.9667,56.25,96,100,12.1,overcast clouds
479,Lloydminster,CA,53.2835,-110.0016,51.48,43,90,8.05,overcast clouds
480,Luderitz,NA,-26.6481,15.1594,53.46,73,0,21.94,clear sky
481,Tarnogskiy Gorodok,RU,60.4997,43.5761,42.35,91,100,1.68,overcast clouds
482,Atar,MR,20.5169,-13.0499,86.61,27,64,2.73,broken clouds
483,Umm Kaddadah,SD,13.6017,26.6876,81.45,25,36,8.95,scattered clouds
484,Samur,RU,41.8253,48.486,57.88,74,95,4.65,overcast clouds
485,Gari,RU,59.4307,62.3497,31.68,82,66,7.54,broken clouds
486,Sioux Lookout,CA,50.1001,-91.917,57.58,94,90,3.44,overcast clouds
487,Pemangkat,ID,1.1667,108.9667,83.61,67,28,4.99,scattered clouds
488,Cherskiy,RU,68.75,161.3,26.15,93,100,11.41,overcast clouds
489,Murud,IN,18.3258,72.965,83.62,78,99,2.46,overcast clouds
490,Tucuman,AR,-26.8241,-65.2226,66.2,72,75,13.8,broken clouds
491,Vega De Alatorre,MX,20.0333,-96.6333,77.88,85,90,1.92,overcast clouds
492,Nanakuli,US,21.3906,-158.1547,80.55,69,90,6.91,light intensity drizzle
493,Hambantota,LK,6.1241,81.1185,84.92,68,37,14.14,scattered clouds
494,Aguimes,ES,27.9054,-15.4461,71.65,83,20,23.02,few clouds
495,Otane,NZ,-39.8833,176.6333,59.38,62,100,4.61,overcast clouds
496,Namatanai,PG,-3.6667,152.4333,85.62,63,71,4.12,broken clouds
497,Coihaique,CL,-45.5752,-72.0662,37.35,81,40,3.44,scattered clouds
498,Isangel,VU,-19.55,169.2667,77.11,94,90,10.65,overcast clouds
499,Mareeba,AU,-17,145.4333,80.47,22,8,2.84,clear sky
500,Burgeo,CA,47.6167,-57.6152,52.18,82,55,10.09,broken clouds
501,Zabaykalsk,RU,49.6333,117.3167,46.9,46,100,12.06,overcast clouds
502,Uusikaupunki,FI,60.8004,21.4084,45.12,85,67,19.3,broken clouds
503,Maxixe,MZ,-23.8597,35.3472,73.96,91,80,6.73,broken clouds
504,Shakawe,BW,-18.3667,21.85,61.11,23,8,5.66,clear sky
505,Solnechnyy,RU,50.7214,136.6319,51.15,36,37,5.17,scattered clouds
506,Libenge,CD,3.65,18.6333,70.48,97,100,0.56,light rain
507,Constitucion,CL,-35.3333,-72.4167,48.04,61,0,15.32,clear sky
508,Ruidoso,US,33.3317,-105.673,55.96,73,1,5.75,clear sky
509,San Policarpo,PH,12.1791,125.5072,84.34,72,92,6.2,moderate rain
510,Lokachi,UA,50.737,24.6494,42.75,60,95,10.74,overcast clouds
511,Toamasina,MG,-18.1667,49.3833,68,94,75,4.61,moderate rain
512,Plettenberg Bay,ZA,-34.0527,23.3716,47.39,71,45,8.41,scattered clouds
513,Katangli,RU,51.7102,143.2326,53.01,37,43,14,scattered clouds
514,Ovalle,CL,-30.5983,-71.2003,53.26,69,0,2.04,clear sky
515,Tukrah,LY,32.5341,20.5791,68.29,65,0,9.91,clear sky
516,Sangin,AF,32.0728,64.8359,68.72,28,1,7.14,clear sky
517,Jocon,HN,15.2833,-86.9667,65.1,99,71,1.43,broken clouds
518,Marawi,PH,7.9986,124.2928,73.65,75,74,5.19,broken clouds
519,Kutum,SD,14.2,24.6667,73.45,30,53,6.82,broken clouds
520,Milyutinskaya,RU,48.6279,41.6679,40.32,57,1,8.01,clear sky
521,Saint-Felix-De-Valois,CA,46.1668,-73.4324,53.24,79,95,1.99,overcast clouds
522,Shasta Lake,US,40.6804,-122.3708,73.56,29,82,4.27,broken clouds
523,Aklavik,CA,68.2191,-135.0107,36.32,94,100,16.17,overcast clouds
524,Loma Bonita,PA,8.3833,-80.1667,80.78,85,100,9.31,overcast clouds
525,Saint-Leu,RE,-21.15,55.2833,76.06,69,12,3.06,few clouds
526,Paamiut,GL,61.994,-49.6678,40.15,63,59,7.61,broken clouds
527,Havre-Saint-Pierre,CA,50.2334,-63.5986,46.76,100,90,5.75,overcast clouds
528,Marabba,SD,12.35,32.1833,76.91,76,99,8.72,overcast clouds
529,Raahe,FI,64.6833,24.4833,44.2,88,72,14.05,broken clouds
530,Lukovetskiy,RU,64.2956,41.9211,44.58,98,98,3.33,overcast clouds
531,Tonaya,MX,19.7833,-103.9667,70.95,87,26,1.68,scattered clouds
532,Mapiri,BO,-15.25,-68.1667,69.64,91,99,1.88,overcast clouds
533,Narathiwat,TH,6.3333,101.75,90.97,64,100,3.67,overcast clouds
534,Marinette,US,45.1,-87.6307,64.89,80,1,0,fog
535,Flinders,AU,-34.5833,150.8552,79.05,65,40,5.01,scattered clouds
536,Soyo,AO,-6.1349,12.3689,74.55,83,97,7.63,overcast clouds
537,Lake Cowichan,CA,48.825,-124.0546,55.85,94,100,3.33,overcast clouds
538,Thunder Bay,CA,48.4001,-89.3168,57.56,98,90,0,mist
539,Sur,OM,22.5667,59.5289,83.62,74,100,19.26,overcast clouds
540,Kincardine,GB,56.0667,-3.7167,48.38,97,77,9.22,broken clouds
541,Hualmay,PE,-11.0964,-77.6139,61.32,88,49,5.06,scattered clouds
542,Lalmohan,BD,22.3384,90.7419,86.68,69,14,8.84,few clouds
543,Jutai,BR,-5.1833,-68.9,72.86,95,82,2.24,broken clouds
544,Marathon,US,44.9,-89.7668,63.93,88,1,0,mist
545,Yaan,NG,7.3833,8.5667,72.09,97,66,5.91,broken clouds
546,Key West,US,24.5557,-81.7826,84.2,74,1,9.22,clear sky
547,Aviles,ES,43.5547,-5.9248,56.77,88,75,15.01,broken clouds
548,Tsaratanana,MG,-16.7833,47.65,70.38,62,52,9.42,broken clouds
549,Urumqi,CN,43.801,87.6005,47.35,50,0,2.24,clear sky
550,Xai-Xai,MZ,-25.0519,33.6442,71.76,93,99,5.88,overcast clouds
551,Mitsamiouli,KM,-11.3847,43.2844,76.32,78,45,15.28,scattered clouds
552,Laksham,BD,23.2472,91.1425,86.25,73,97,7.38,overcast clouds
553,Mehamn,NO,71.0357,27.8492,49.53,80,89,19.35,overcast clouds
554,Nefteyugansk,RU,61.0998,72.6035,32.25,87,100,14.41,overcast clouds
555,Marsa Matruh,EG,31.3525,27.2453,72.75,59,100,8.34,overcast clouds
556,Nortelandia,BR,-14.4547,-56.8028,81.05,53,8,6.02,clear sky
557,Kokopo,PG,-4.352,152.2633,84.27,67,100,6.64,overcast clouds
558,Seoul,KR,37.5683,126.9778,85.51,49,0,10.36,clear sky
559,Shilong,CN,23.1123,113.8425,91.36,65,66,7.54,light rain
560,Iquitos,PE,-3.7481,-73.2472,78.84,83,75,8.05,broken clouds
561,Waingapu,ID,-9.6567,120.2641,86.99,58,81,10.67,broken clouds
562,Los Llanos De Aridane,ES,28.6585,-17.9182,67.75,88,40,12.66,scattered clouds
563,Touros,BR,-5.1989,-35.4608,74.3,84,9,12.86,clear sky
564,Fort Nelson,CA,58.8053,-122.7002,47.79,31,1,11.5,clear sky
565,Ambon,ID,-3.6954,128.1814,86.14,74,40,9.22,scattered clouds
566,Christchurch,NZ,-43.5333,172.6333,59.2,70,100,5.01,overcast clouds
567,Trincomalee,LK,8.5711,81.2335,83.8,70,15,8.63,few clouds
568,Kathu,TH,7.9178,98.3332,87.62,81,89,5.14,overcast clouds
569,Nome,US,64.5011,-165.4064,33.87,65,1,6.91,clear sky
570,San Pedro,PH,14.35,121.0167,87.03,74,75,6.91,broken clouds
571,Grand Forks,US,47.9417,-97.4337,53.53,78,1,0,clear sky
572,Kiama,AU,-34.6833,150.8667,79.25,57,38,8.99,scattered clouds
573,Pachino,IT,36.7186,15.0907,69.84,70,50,3.67,heavy intensity rain
574,Mbuji-Mayi,CD,-6.15,23.6,70.02,85,100,2.01,overcast clouds
575,Sena Madureira,BR,-9.0656,-68.6569,75.78,84,77,3,broken clouds
576,Zhanakorgan,KZ,43.9098,67.2495,52.7,28,0,10.31,clear sky
577,Tres Arroyos,AR,-38.3739,-60.2798,42.03,78,56,14.12,broken clouds
578,Mecca,SA,21.4267,39.8261,84.13,40,53,4.88,broken clouds
579,Karwar,IN,14.8,74.1333,83.79,73,96,3.51,overcast clouds
580,Russell,US,32.3502,-85.1999,74.43,90,40,0,scattered clouds
581,Tsumeb,NA,-19.2333,17.7167,47.75,8,2,4.74,clear sky
582,Alegrete,BR,-29.7831,-55.7919,63.19,93,81,8.41,moderate rain
583,Gizo,SB,-8.103,156.8419,83.53,73,32,5.86,light rain
584,Jacareacanga,BR,-6.2222,-57.7528,71.98,97,100,1.59,overcast clouds
585,Agirish,RU,61.9247,63.0231,32.09,75,21,7.63,few clouds
586,Kuytun,RU,54.3419,101.5036,41.43,66,100,4.32,overcast clouds
587,Bud,US,39.447,-86.1758,70.12,95,100,11.79,overcast clouds
588,Lumeje,AO,-11.55,20.7833,64.11,85,80,4.72,broken clouds
589,De-Kastri,RU,51.4667,140.7833,52.09,40,8,10.42,clear sky
590,Ulladulla,AU,-35.35,150.4667,78.87,52,35,3.36,scattered clouds
591,Qaqortoq,GL,60.7167,-46.0333,41.5,73,3,4.9,clear sky
592,Homer,US,59.6425,-151.5483,40.8,57,90,0,overcast clouds
593,Meiganga,CM,6.5167,14.3,63.28,95,99,2.53,overcast clouds
594,Harper,LR,4.375,-7.7169,76.46,86,98,3.67,light rain
595,Mwene-Ditu,CD,-7,23.45,66.49,90,100,1.41,overcast clouds
596,Khilok,RU,51.3674,110.4676,40.24,76,100,6.06,overcast clouds
597,Putnam,US,36.1667,-85.65,70.81,94,90,3.44,overcast clouds
598,Langham,CA,52.3668,-106.9679,60.03,32,100,14.14,overcast clouds
599,Kaffrine,SN,14.1059,-15.5508,78.26,84,91,2.77,overcast clouds
600,Mersing,MY,2.4312,103.8405,85.91,74,40,4.61,scattered clouds
601,Margate,GB,51.3813,1.3862,54.03,90,100,1.01,light rain
602,Saint-Hyacinthe,CA,45.6168,-72.9491,54.09,99,96,4.43,overcast clouds
603,Edd,ER,13.9297,41.6925,88.77,65,74,5.88,broken clouds
604,Noumea,NC,-22.2763,166.4572,84.18,78,72,6.51,broken clouds
605,North Myrtle Beach,US,33.816,-78.68,77.05,74,1,1.01,clear sky
606,Phalaborwa,ZA,-23.943,31.1411,67.28,79,62,11.43,broken clouds
607,Lovington,US,32.944,-103.3485,62.04,70,0,1.99,clear sky
608,Lerwick,GB,60.1545,-1.1494,53.6,91,100,46.24,overcast clouds
609,Kresttsy,RU,58.2452,32.5165,41.31,89,84,4.63,light rain
610,Amapa,BR,1,-52,72.03,96,98,2.26,overcast clouds
611,Puerto Leguizamo,CO,-0.1934,-74.7819,75.85,82,93,1.7,overcast clouds
612,Vestmanna,FO,62.1564,-7.1664,49.12,87,90,12.66,light intensity drizzle
613,Cotoca,BO,-17.8167,-63.05,87.78,40,0,14.56,clear sky
614,Bathsheba,BB,13.2167,-59.5167,84.81,70,20,23.02,few clouds
615,Goderich,CA,43.7501,-81.7165,67.91,77,100,9.22,overcast clouds
616,Albania,AL,41,20,49.39,60,22,4.74,few clouds
617,Buchanan,LR,5.8808,-10.0467,75.16,91,98,5.39,overcast clouds
618,Havelock,US,34.8791,-76.9013,73.94,83,1,4.61,clear sky
619,Honiara,SB,-9.4333,159.95,82.89,81,99,2.57,overcast clouds
620,Albion,US,42.2431,-84.753,68.04,96,90,4.61,light rain
621,Jiuquan,CN,39.7432,98.5174,48.33,39,100,6.62,overcast clouds
622,Bunol,ES,39.4167,-0.7833,65.89,67,100,5.68,overcast clouds
623,Rocha,UY,-34.4833,-54.3333,55.06,74,100,8.43,overcast clouds
624,Chokwe,MZ,-24.5333,32.9833,72.16,87,100,10.04,overcast clouds
625,Crawfordsville,US,40.0411,-86.8745,69.94,96,100,14.2,overcast clouds
626,Matongo,TZ,-2.3833,34.0833,70.66,66,100,2.26,overcast clouds
627,Falam,MM,22.9167,93.6833,73.92,69,68,0.69,broken clouds
628,Kisangani,CD,0.5167,25.2,67.68,99,100,1.68,overcast clouds
629,Kedrovyy,RU,56.1667,91.8167,36.01,82,99,8.84,overcast clouds
630,Sitio Novo Do Tocantins,BR,-5.5183,-47.4611,75.13,100,0,0,clear sky
631,Vaasa,FI,63.096,21.6158,43.95,93,0,8.05,clear sky
632,Balaghat,IN,21.8,80.1833,81.01,84,16,4.14,few clouds
633,Kota Kinabalu,MY,5.9749,116.0724,75.18,100,40,11.5,scattered clouds
634,Bosaso,SO,11.2842,49.1816,88.99,53,1,6.04,clear sky
635,Ekhabi,RU,53.5102,142.9671,49.77,56,40,18.61,scattered clouds
636,Graham,US,47.0529,-122.2943,58.77,83,20,0,few clouds
637,Santa Barbara,US,34.7333,-120.0343,74.14,55,1,0,clear sky
638,Kyshtovka,RU,56.555,76.6271,35.08,83,100,6.13,light rain
639,Kashi,CN,39.4547,75.9797,67.21,26,95,15.66,dust
640,Diffa,NE,13.3154,12.6113,82.54,21,50,4.63,scattered clouds
641,Makhinjauri,GE,41.6739,41.694,60.66,94,75,9.22,light intensity shower rain
642,Marolambo,MG,-20.05,48.1167,64.87,72,7,2.3,clear sky
643,Saint-Denis,FR,48.9167,2.3333,63.37,91,90,3,light rain
644,Hamilton,US,39.1834,-84.5333,72.36,90,90,5.75,overcast clouds
645,Arman,RU,59.7,150.1667,45.01,65,89,8.19,overcast clouds
646,West Bay,KY,19.3667,-81.4167,80.01,80,17,3,few clouds
647,Hobyo,SO,5.3505,48.5268,79.38,82,37,16.62,scattered clouds
648,Mackay,AU,-21.15,149.2,91.69,75,4,19.77,clear sky
649,Srednekolymsk,RU,67.45,153.6833,28.63,70,97,13.49,overcast clouds
650,Kastamonu,TR,41.5,33.6667,48.65,73,93,1.07,overcast clouds
651,Yanam,IN,16.7333,82.2167,86.4,61,29,4.12,scattered clouds
652,Tazovskiy,RU,67.4667,78.7,29.01,77,49,13.51,scattered clouds
653,Dingzhou,CN,38.5131,114.9956,68.11,93,100,9.01,moderate rain
654,Beloha,MG,-25.1667,45.05,74.32,52,9,6.38,clear sky
655,Chitipa,MW,-9.7024,33.2697,66.83,59,75,5.41,broken clouds
656,Kununurra,AU,-15.7667,128.7333,103.98,14,76,8.05,broken clouds
657,San Carlos De Bariloche,AR,-41.1456,-71.3082,37.15,75,40,20.71,scattered clouds
658,Kundiawa,PG,-6.0167,144.9667,72.72,86,98,2.48,overcast clouds
659,Solano,US,38.2333,-121.9511,77.2,37,1,9.22,clear sky
660,Wewak,PG,-3.5534,143.6268,85.14,69,90,3.04,overcast clouds
661,Sturgeon Falls,CA,46.3646,-79.9326,62.1,98,100,4.25,overcast clouds
662,Frontera,MX,26.9333,-101.45,73.13,82,90,3.02,overcast clouds
663,Siloam Springs,US,36.1881,-94.5405,65.48,96,1,0,clear sky
664,Zheleznodorozhnyy,RU,55.7503,38.0042,32.52,78,69,3.13,light snow
665,Houma,US,29.5958,-90.7195,75.99,96,100,5.35,overcast clouds
666,Plaster Rock,CA,46.9065,-67.39,45.12,94,100,2.8,overcast clouds
667,Petatlan,MX,17.5167,-101.2667,77.22,85,86,3.4,overcast clouds
668,Mahina,PF,-17.5065,-149.489,80.37,69,40,11.5,scattered clouds
669,Lancaster,US,40.2504,-76.2499,60.66,91,1,0,clear sky
670,Bardiyah,LY,31.7561,25.0865,69.84,62,12,8.41,few clouds
671,Lengshuijiang,CN,27.6881,111.4294,93.18,45,0,8.75,clear sky
